id,name,company,email,email2,profession
100,Arlina,Stilwell,.@yopmail.com,undefined.undefined@gmail.com,developer
101,Blondelle,Nerita,.@yopmail.com,undefined.undefined@gmail.com,firefighter
102,Nariko,Edmund,.@yopmail.com,undefined.undefined@gmail.com,worker
103,Janey,Peti,.@yopmail.com,undefined.undefined@gmail.com,police officer
104,Gwyneth,Tamar,.@yopmail.com,undefined.undefined@gmail.com,doctor
105,Barbara,O'Carroll,.@yopmail.com,undefined.undefined@gmail.com,police officer
106,Bettine,Karna,.@yopmail.com,undefined.undefined@gmail.com,police officer
107,Ilse,Kathie,.@yopmail.com,undefined.undefined@gmail.com,firefighter
108,Candy,Greenwald,.@yopmail.com,undefined.undefined@gmail.com,doctor
109,Teriann,Cadmar,.@yopmail.com,undefined.undefined@gmail.com,doctor
110,Susette,Milson,.@yopmail.com,undefined.undefined@gmail.com,doctor
111,Madalyn,Capello,.@yopmail.com,undefined.undefined@gmail.com,worker
112,Augustine,Saint,.@yopmail.com,undefined.undefined@gmail.com,developer
113,Petronia,Mehalek,.@yopmail.com,undefined.undefined@gmail.com,worker
114,Morganica,Melleta,.@yopmail.com,undefined.undefined@gmail.com,police officer
115,Basia,Koziara,.@yopmail.com,undefined.undefined@gmail.com,doctor
116,Ketti,Ader,.@yopmail.com,undefined.undefined@gmail.com,police officer
117,Gwyneth,Tannie,.@yopmail.com,undefined.undefined@gmail.com,developer
118,Jacenta,Kosey,.@yopmail.com,undefined.undefined@gmail.com,doctor
119,Dawn,Lail,.@yopmail.com,undefined.undefined@gmail.com,doctor
120,Ursulina,Dunkin,.@yopmail.com,undefined.undefined@gmail.com,worker
121,Dede,Firmin,.@yopmail.com,undefined.undefined@gmail.com,doctor
122,Mara,Mauer,.@yopmail.com,undefined.undefined@gmail.com,firefighter
123,Andree,Nore,.@yopmail.com,undefined.undefined@gmail.com,firefighter
124,Nyssa,Ax,.@yopmail.com,undefined.undefined@gmail.com,firefighter
125,Regina,Lemuela,.@yopmail.com,undefined.undefined@gmail.com,doctor
126,Myriam,Randene,.@yopmail.com,undefined.undefined@gmail.com,worker
127,Gwyneth,Ulphia,.@yopmail.com,undefined.undefined@gmail.com,doctor
128,Viki,Maisey,.@yopmail.com,undefined.undefined@gmail.com,developer
129,Isa,Desai,.@yopmail.com,undefined.undefined@gmail.com,police officer
130,Jacenta,Ilka,.@yopmail.com,undefined.undefined@gmail.com,firefighter
131,Lory,Karylin,.@yopmail.com,undefined.undefined@gmail.com,doctor
132,Karina,Demitria,.@yopmail.com,undefined.undefined@gmail.com,doctor
133,Emelina,Corrine,.@yopmail.com,undefined.undefined@gmail.com,police officer
134,Cherrita,Lorenz,.@yopmail.com,undefined.undefined@gmail.com,police officer
135,Helena,Whiffen,.@yopmail.com,undefined.undefined@gmail.com,police officer
136,Codie,Eldrid,.@yopmail.com,undefined.undefined@gmail.com,firefighter
137,Florie,Oster,.@yopmail.com,undefined.undefined@gmail.com,worker
138,Odessa,Edison,.@yopmail.com,undefined.undefined@gmail.com,developer
139,Elsie,Hanleigh,.@yopmail.com,undefined.undefined@gmail.com,developer
140,Madeleine,Sothena,.@yopmail.com,undefined.undefined@gmail.com,developer
141,Blake,Rosette,.@yopmail.com,undefined.undefined@gmail.com,worker
142,Annabela,Chandler,.@yopmail.com,undefined.undefined@gmail.com,police officer
143,Paulita,Lipson,.@yopmail.com,undefined.undefined@gmail.com,developer
144,Lily,Bollay,.@yopmail.com,undefined.undefined@gmail.com,police officer
145,Wendi,Kristi,.@yopmail.com,undefined.undefined@gmail.com,doctor
146,Angelique,Skurnik,.@yopmail.com,undefined.undefined@gmail.com,developer
147,Pearline,Duwalt,.@yopmail.com,undefined.undefined@gmail.com,firefighter
148,Tori,Erb,.@yopmail.com,undefined.undefined@gmail.com,doctor
149,Teriann,Lorenz,.@yopmail.com,undefined.undefined@gmail.com,developer
150,Rani,Dom,.@yopmail.com,undefined.undefined@gmail.com,worker
151,Di,Nickola,.@yopmail.com,undefined.undefined@gmail.com,worker
152,Cherilyn,Hirsch,.@yopmail.com,undefined.undefined@gmail.com,firefighter
153,Bibby,Duwalt,.@yopmail.com,undefined.undefined@gmail.com,doctor
154,Wilma,Hewitt,.@yopmail.com,undefined.undefined@gmail.com,worker
155,Stephanie,Elo,.@yopmail.com,undefined.undefined@gmail.com,police officer
156,Sidoney,Morrill,.@yopmail.com,undefined.undefined@gmail.com,firefighter
157,Keelia,Noman,.@yopmail.com,undefined.undefined@gmail.com,doctor
158,Jerry,Sophronia,.@yopmail.com,undefined.undefined@gmail.com,worker
159,Tracey,Mandler,.@yopmail.com,undefined.undefined@gmail.com,firefighter
160,Hettie,Angelis,.@yopmail.com,undefined.undefined@gmail.com,police officer
161,Kore,Winthorpe,.@yopmail.com,undefined.undefined@gmail.com,worker
162,Emmey,Gusella,.@yopmail.com,undefined.undefined@gmail.com,police officer
163,Brana,Cloris,.@yopmail.com,undefined.undefined@gmail.com,developer
164,Elvira,Dosia,.@yopmail.com,undefined.undefined@gmail.com,police officer
165,Fernande,Dulciana,.@yopmail.com,undefined.undefined@gmail.com,doctor
166,Ronna,Jobi,.@yopmail.com,undefined.undefined@gmail.com,police officer
167,Dode,Berne,.@yopmail.com,undefined.undefined@gmail.com,firefighter
168,Basia,Andrel,.@yopmail.com,undefined.undefined@gmail.com,worker
169,Livvyy,Pillsbury,.@yopmail.com,undefined.undefined@gmail.com,doctor
170,Ketti,Ciapas,.@yopmail.com,undefined.undefined@gmail.com,developer
171,Trixi,Aloise,.@yopmail.com,undefined.undefined@gmail.com,worker
172,Jere,Salvidor,.@yopmail.com,undefined.undefined@gmail.com,developer
173,Sophia,Newell,.@yopmail.com,undefined.undefined@gmail.com,worker
174,Roz,Seligman,.@yopmail.com,undefined.undefined@gmail.com,firefighter
175,Marsiella,Gibbeon,.@yopmail.com,undefined.undefined@gmail.com,firefighter
176,Sybille,Vary,.@yopmail.com,undefined.undefined@gmail.com,police officer
177,Corina,Alcott,.@yopmail.com,undefined.undefined@gmail.com,doctor
178,Gale,Artie,.@yopmail.com,undefined.undefined@gmail.com,developer
179,Cissiee,Teryn,.@yopmail.com,undefined.undefined@gmail.com,firefighter
180,Elie,Hanleigh,.@yopmail.com,undefined.undefined@gmail.com,worker
181,Jorry,Tufts,.@yopmail.com,undefined.undefined@gmail.com,police officer
182,Rhoda,Bates,.@yopmail.com,undefined.undefined@gmail.com,developer
183,Valeda,Tybald,.@yopmail.com,undefined.undefined@gmail.com,firefighter
184,Bobbi,Jacinda,.@yopmail.com,undefined.undefined@gmail.com,doctor
185,Rayna,Winnick,.@yopmail.com,undefined.undefined@gmail.com,worker
186,Blondelle,Sekofski,.@yopmail.com,undefined.undefined@gmail.com,worker
187,Oralee,Alice,.@yopmail.com,undefined.undefined@gmail.com,worker
188,Karolina,Romelda,.@yopmail.com,undefined.undefined@gmail.com,police officer
189,Hannis,Belldas,.@yopmail.com,undefined.undefined@gmail.com,police officer
190,Selma,Elsinore,.@yopmail.com,undefined.undefined@gmail.com,firefighter
191,Emilia,Gaal,.@yopmail.com,undefined.undefined@gmail.com,worker
192,Alyssa,Krystle,.@yopmail.com,undefined.undefined@gmail.com,doctor
193,Sean,Olnee,.@yopmail.com,undefined.undefined@gmail.com,developer
194,Mary,Bibi,.@yopmail.com,undefined.undefined@gmail.com,police officer
195,Laure,Ingra,.@yopmail.com,undefined.undefined@gmail.com,doctor
196,Maryellen,Sawtelle,.@yopmail.com,undefined.undefined@gmail.com,worker
197,Fanny,Toffic,.@yopmail.com,undefined.undefined@gmail.com,police officer
198,Carlie,Tomasina,.@yopmail.com,undefined.undefined@gmail.com,police officer
199,Robinia,Hazlett,.@yopmail.com,undefined.undefined@gmail.com,developer
200,Gavrielle,Kathie,.@yopmail.com,undefined.undefined@gmail.com,doctor
201,Sibella,Henebry,.@yopmail.com,undefined.undefined@gmail.com,firefighter
202,Kaia,Uird,.@yopmail.com,undefined.undefined@gmail.com,police officer
203,Kittie,Lay,.@yopmail.com,undefined.undefined@gmail.com,firefighter
204,Augustine,Whiffen,.@yopmail.com,undefined.undefined@gmail.com,police officer
205,Nyssa,Koziara,.@yopmail.com,undefined.undefined@gmail.com,police officer
206,Clo,Minetta,.@yopmail.com,undefined.undefined@gmail.com,doctor
207,Nariko,Gabrielli,.@yopmail.com,undefined.undefined@gmail.com,worker
208,Feliza,Arvo,.@yopmail.com,undefined.undefined@gmail.com,developer
209,Aurelie,Killigrew,.@yopmail.com,undefined.undefined@gmail.com,worker
210,Fanny,Edvard,.@yopmail.com,undefined.undefined@gmail.com,doctor
211,Rani,Leifeste,.@yopmail.com,undefined.undefined@gmail.com,worker
212,Arlena,Hermes,.@yopmail.com,undefined.undefined@gmail.com,doctor
213,Tressa,Malanie,.@yopmail.com,undefined.undefined@gmail.com,police officer
214,Rosabelle,Peti,.@yopmail.com,undefined.undefined@gmail.com,developer
215,Noelle,Harned,.@yopmail.com,undefined.undefined@gmail.com,police officer
216,Millie,Himelman,.@yopmail.com,undefined.undefined@gmail.com,worker
217,Asia,Annice,.@yopmail.com,undefined.undefined@gmail.com,police officer
218,Hettie,Schwejda,.@yopmail.com,undefined.undefined@gmail.com,police officer
219,Rhoda,Love,.@yopmail.com,undefined.undefined@gmail.com,doctor
220,Eolanda,Oriana,.@yopmail.com,undefined.undefined@gmail.com,doctor
221,Genovera,Himelman,.@yopmail.com,undefined.undefined@gmail.com,worker
222,Elise,Afton,.@yopmail.com,undefined.undefined@gmail.com,developer
223,Mallory,Huggins,.@yopmail.com,undefined.undefined@gmail.com,developer
224,Mellicent,Torray,.@yopmail.com,undefined.undefined@gmail.com,developer
225,Josephine,Eugenia,.@yopmail.com,undefined.undefined@gmail.com,worker
226,Misha,Malanie,.@yopmail.com,undefined.undefined@gmail.com,doctor
227,Viviene,Odysseus,.@yopmail.com,undefined.undefined@gmail.com,worker
228,Paule,Marijo,.@yopmail.com,undefined.undefined@gmail.com,worker
229,Arabel,Anis,.@yopmail.com,undefined.undefined@gmail.com,worker
230,Nerta,Parette,.@yopmail.com,undefined.undefined@gmail.com,developer
231,Anestassia,August,.@yopmail.com,undefined.undefined@gmail.com,doctor
232,Katuscha,Paine,.@yopmail.com,undefined.undefined@gmail.com,police officer
233,Darlleen,Fleeta,.@yopmail.com,undefined.undefined@gmail.com,police officer
234,Vinita,Gordon,.@yopmail.com,undefined.undefined@gmail.com,developer
235,Trixi,Genna,.@yopmail.com,undefined.undefined@gmail.com,firefighter
236,Myriam,Letsou,.@yopmail.com,undefined.undefined@gmail.com,doctor
237,Fredericka,Stilwell,.@yopmail.com,undefined.undefined@gmail.com,doctor
238,Tatiania,Urias,.@yopmail.com,undefined.undefined@gmail.com,developer
239,Raquela,Carey,.@yopmail.com,undefined.undefined@gmail.com,police officer
240,Melodie,Adalbert,.@yopmail.com,undefined.undefined@gmail.com,worker
241,Shell,Giule,.@yopmail.com,undefined.undefined@gmail.com,doctor
242,Agathe,Ciro,.@yopmail.com,undefined.undefined@gmail.com,doctor
243,Anica,Sigfrid,.@yopmail.com,undefined.undefined@gmail.com,developer
244,Lisette,Westphal,.@yopmail.com,undefined.undefined@gmail.com,worker
245,Gusty,Payson,.@yopmail.com,undefined.undefined@gmail.com,police officer
246,Cristabel,Lacombe,.@yopmail.com,undefined.undefined@gmail.com,police officer
247,Daune,Delila,.@yopmail.com,undefined.undefined@gmail.com,developer
248,Brena,Joeann,.@yopmail.com,undefined.undefined@gmail.com,police officer
249,Mariele,Salchunas,.@yopmail.com,undefined.undefined@gmail.com,police officer
250,Lita,Ummersen,.@yopmail.com,undefined.undefined@gmail.com,developer
251,Johna,Malanie,.@yopmail.com,undefined.undefined@gmail.com,developer
252,Lynea,Pyle,.@yopmail.com,undefined.undefined@gmail.com,firefighter
253,Vonny,Wind,.@yopmail.com,undefined.undefined@gmail.com,firefighter
254,Brana,Weinreb,.@yopmail.com,undefined.undefined@gmail.com,firefighter
255,Joane,Haerr,.@yopmail.com,undefined.undefined@gmail.com,worker
256,Selia,Amand,.@yopmail.com,undefined.undefined@gmail.com,worker
257,Desirae,Whittaker,.@yopmail.com,undefined.undefined@gmail.com,worker
258,Oralee,Bach,.@yopmail.com,undefined.undefined@gmail.com,developer
259,Merrie,Weide,.@yopmail.com,undefined.undefined@gmail.com,firefighter
260,Leeanne,Weinreb,.@yopmail.com,undefined.undefined@gmail.com,worker
261,Mallory,Munn,.@yopmail.com,undefined.undefined@gmail.com,doctor
262,Minda,Bearnard,.@yopmail.com,undefined.undefined@gmail.com,police officer
263,Emma,Means,.@yopmail.com,undefined.undefined@gmail.com,developer
264,Dolli,Marijo,.@yopmail.com,undefined.undefined@gmail.com,worker
265,Kenna,Annabella,.@yopmail.com,undefined.undefined@gmail.com,firefighter
266,Brandise,Lubin,.@yopmail.com,undefined.undefined@gmail.com,police officer
267,Jinny,Herrera,.@yopmail.com,undefined.undefined@gmail.com,doctor
268,Janis,Dituri,.@yopmail.com,undefined.undefined@gmail.com,firefighter
269,Edee,Pascia,.@yopmail.com,undefined.undefined@gmail.com,firefighter
270,Darci,Klemperer,.@yopmail.com,undefined.undefined@gmail.com,police officer
271,Roz,Burch,.@yopmail.com,undefined.undefined@gmail.com,doctor
272,Norine,Lutero,.@yopmail.com,undefined.undefined@gmail.com,worker
273,Sabina,Suk,.@yopmail.com,undefined.undefined@gmail.com,developer
274,Zaria,Imelida,.@yopmail.com,undefined.undefined@gmail.com,firefighter
275,Correy,Malanie,.@yopmail.com,undefined.undefined@gmail.com,doctor
276,Atlanta,Ephrem,.@yopmail.com,undefined.undefined@gmail.com,worker
277,Susan,Yorick,.@yopmail.com,undefined.undefined@gmail.com,worker
278,Adore,Jena,.@yopmail.com,undefined.undefined@gmail.com,doctor
279,Helsa,Lanita,.@yopmail.com,undefined.undefined@gmail.com,doctor
280,Gabriellia,Allys,.@yopmail.com,undefined.undefined@gmail.com,developer
281,Quintina,Morrill,.@yopmail.com,undefined.undefined@gmail.com,police officer
282,Noelle,Roxanna,.@yopmail.com,undefined.undefined@gmail.com,worker
283,Meg,Allina,.@yopmail.com,undefined.undefined@gmail.com,worker
284,Gaylene,Marden,.@yopmail.com,undefined.undefined@gmail.com,worker
285,Di,Dorcy,.@yopmail.com,undefined.undefined@gmail.com,doctor
286,Ilse,Rustice,.@yopmail.com,undefined.undefined@gmail.com,developer
287,Margalo,Kiyoshi,.@yopmail.com,undefined.undefined@gmail.com,firefighter
288,Demetris,Sprage,.@yopmail.com,undefined.undefined@gmail.com,worker
289,Deirdre,Nicoline,.@yopmail.com,undefined.undefined@gmail.com,worker
290,Jasmina,Plato,.@yopmail.com,undefined.undefined@gmail.com,firefighter
291,Loree,Ranjiv,.@yopmail.com,undefined.undefined@gmail.com,firefighter
292,Hettie,Hubert,.@yopmail.com,undefined.undefined@gmail.com,firefighter
293,Amii,Ioab,.@yopmail.com,undefined.undefined@gmail.com,police officer
294,Viviene,Ehrman,.@yopmail.com,undefined.undefined@gmail.com,police officer
295,Ileana,Standing,.@yopmail.com,undefined.undefined@gmail.com,doctor
296,Donetta,Armanda,.@yopmail.com,undefined.undefined@gmail.com,firefighter
297,Konstance,Mehalek,.@yopmail.com,undefined.undefined@gmail.com,firefighter
298,Amara,Katrine,.@yopmail.com,undefined.undefined@gmail.com,firefighter
299,Anica,Audly,.@yopmail.com,undefined.undefined@gmail.com,firefighter
300,Trudie,Raul,.@yopmail.com,undefined.undefined@gmail.com,worker
301,Latisha,Armanda,.@yopmail.com,undefined.undefined@gmail.com,doctor
302,Tani,Camden,.@yopmail.com,undefined.undefined@gmail.com,police officer
303,Elbertina,Roscoe,.@yopmail.com,undefined.undefined@gmail.com,firefighter
304,Ermengarde,Genna,.@yopmail.com,undefined.undefined@gmail.com,developer
305,Selma,Phyllis,.@yopmail.com,undefined.undefined@gmail.com,police officer
306,Claudina,Moina,.@yopmail.com,undefined.undefined@gmail.com,doctor
307,Dominga,Juliet,.@yopmail.com,undefined.undefined@gmail.com,firefighter
308,Alameda,Mandler,.@yopmail.com,undefined.undefined@gmail.com,police officer
309,Karolina,Ferino,.@yopmail.com,undefined.undefined@gmail.com,worker
310,Merci,Wiener,.@yopmail.com,undefined.undefined@gmail.com,police officer
311,Lanae,Iiette,.@yopmail.com,undefined.undefined@gmail.com,doctor
312,Eolanda,Syd,.@yopmail.com,undefined.undefined@gmail.com,developer
313,Averyl,Paine,.@yopmail.com,undefined.undefined@gmail.com,developer
314,Vere,Ambrosia,.@yopmail.com,undefined.undefined@gmail.com,doctor
315,Leona,Ammann,.@yopmail.com,undefined.undefined@gmail.com,firefighter
316,Rosene,Ader,.@yopmail.com,undefined.undefined@gmail.com,developer
317,Ronna,Bartlett,.@yopmail.com,undefined.undefined@gmail.com,developer
318,Annabela,Ruvolo,.@yopmail.com,undefined.undefined@gmail.com,firefighter
319,Karena,Skurnik,.@yopmail.com,undefined.undefined@gmail.com,developer
320,Britte,Bertold,.@yopmail.com,undefined.undefined@gmail.com,firefighter
321,Isa,Rurik,.@yopmail.com,undefined.undefined@gmail.com,worker
322,Sam,Wenda,.@yopmail.com,undefined.undefined@gmail.com,developer
323,Rosaline,Hedve,.@yopmail.com,undefined.undefined@gmail.com,doctor
324,Ivett,Pauly,.@yopmail.com,undefined.undefined@gmail.com,developer
325,Ketti,Halsey,.@yopmail.com,undefined.undefined@gmail.com,developer
326,Albertina,Xerxes,.@yopmail.com,undefined.undefined@gmail.com,police officer
327,Dacia,Stelle,.@yopmail.com,undefined.undefined@gmail.com,doctor
328,Antonietta,Sharl,.@yopmail.com,undefined.undefined@gmail.com,firefighter
329,Gale,Gusella,.@yopmail.com,undefined.undefined@gmail.com,doctor
330,Nollie,Bibi,.@yopmail.com,undefined.undefined@gmail.com,worker
331,Merle,Kunin,.@yopmail.com,undefined.undefined@gmail.com,firefighter
332,Valeda,Liebermann,.@yopmail.com,undefined.undefined@gmail.com,doctor
333,Ronna,Wu,.@yopmail.com,undefined.undefined@gmail.com,firefighter
334,Lorne,Freddi,.@yopmail.com,undefined.undefined@gmail.com,doctor
335,Annecorinne,Diann,.@yopmail.com,undefined.undefined@gmail.com,firefighter
336,Lanna,Kaete,.@yopmail.com,undefined.undefined@gmail.com,worker
337,Melodie,Cleavland,.@yopmail.com,undefined.undefined@gmail.com,worker
338,Nikki,Pelagias,.@yopmail.com,undefined.undefined@gmail.com,police officer
339,Elvira,Jerold,.@yopmail.com,undefined.undefined@gmail.com,developer
340,Elyssa,Kauppi,.@yopmail.com,undefined.undefined@gmail.com,firefighter
341,Lorenza,Berl,.@yopmail.com,undefined.undefined@gmail.com,developer
342,Damaris,Morgun,.@yopmail.com,undefined.undefined@gmail.com,worker
343,Dale,Joseph,.@yopmail.com,undefined.undefined@gmail.com,police officer
344,Blake,Read,.@yopmail.com,undefined.undefined@gmail.com,doctor
345,Berget,Ade,.@yopmail.com,undefined.undefined@gmail.com,police officer
346,Jeanna,Kenwood,.@yopmail.com,undefined.undefined@gmail.com,developer
347,Helsa,Neva,.@yopmail.com,undefined.undefined@gmail.com,worker
348,Merry,Manolo,.@yopmail.com,undefined.undefined@gmail.com,doctor
349,Augustine,Liva,.@yopmail.com,undefined.undefined@gmail.com,developer
350,Yvonne,Stav,.@yopmail.com,undefined.undefined@gmail.com,developer
351,Randa,Cressida,.@yopmail.com,undefined.undefined@gmail.com,police officer
352,Lynea,Creamer,.@yopmail.com,undefined.undefined@gmail.com,doctor
353,Asia,Kesley,.@yopmail.com,undefined.undefined@gmail.com,police officer
354,Mellicent,Yam,.@yopmail.com,undefined.undefined@gmail.com,firefighter
355,Michaelina,Berriman,.@yopmail.com,undefined.undefined@gmail.com,firefighter
356,Hope,Melleta,.@yopmail.com,undefined.undefined@gmail.com,doctor
357,Ofilia,Posner,.@yopmail.com,undefined.undefined@gmail.com,doctor
358,Dacia,Kellby,.@yopmail.com,undefined.undefined@gmail.com,police officer
359,Cathie,Dorothy,.@yopmail.com,undefined.undefined@gmail.com,police officer
360,Ana,Junie,.@yopmail.com,undefined.undefined@gmail.com,doctor
361,Marita,Kronfeld,.@yopmail.com,undefined.undefined@gmail.com,doctor
362,Rivalee,Ramona,.@yopmail.com,undefined.undefined@gmail.com,developer
363,Magdalena,Elbertina,.@yopmail.com,undefined.undefined@gmail.com,doctor
364,Alameda,Zeeba,.@yopmail.com,undefined.undefined@gmail.com,developer
365,Annice,Jehu,.@yopmail.com,undefined.undefined@gmail.com,police officer
366,Blake,Faria,.@yopmail.com,undefined.undefined@gmail.com,firefighter
367,Stephanie,Amadas,.@yopmail.com,undefined.undefined@gmail.com,firefighter
368,Frank,Mich,.@yopmail.com,undefined.undefined@gmail.com,developer
369,Gretal,Moseley,.@yopmail.com,undefined.undefined@gmail.com,doctor
370,Vita,Raul,.@yopmail.com,undefined.undefined@gmail.com,worker
371,Constance,Merriott,.@yopmail.com,undefined.undefined@gmail.com,doctor
372,Claresta,Demitria,.@yopmail.com,undefined.undefined@gmail.com,doctor
373,Harrietta,Ulphia,.@yopmail.com,undefined.undefined@gmail.com,police officer
374,Anica,Donell,.@yopmail.com,undefined.undefined@gmail.com,firefighter
375,Lory,Estella,.@yopmail.com,undefined.undefined@gmail.com,worker
376,Farrah,Wolfgram,.@yopmail.com,undefined.undefined@gmail.com,worker
377,Emylee,Cath,.@yopmail.com,undefined.undefined@gmail.com,doctor
378,Sam,Pattin,.@yopmail.com,undefined.undefined@gmail.com,firefighter
379,Lucille,Garek,.@yopmail.com,undefined.undefined@gmail.com,firefighter
380,Jolyn,Georgy,.@yopmail.com,undefined.undefined@gmail.com,firefighter
381,Sandie,Delp,.@yopmail.com,undefined.undefined@gmail.com,doctor
382,Loree,Thema,.@yopmail.com,undefined.undefined@gmail.com,police officer
383,Magdalena,Lauraine,.@yopmail.com,undefined.undefined@gmail.com,worker
384,Nonnah,Valoniah,.@yopmail.com,undefined.undefined@gmail.com,police officer
385,Dede,Si,.@yopmail.com,undefined.undefined@gmail.com,police officer
386,Daphne,Girardo,.@yopmail.com,undefined.undefined@gmail.com,firefighter
387,Lynde,Orlene,.@yopmail.com,undefined.undefined@gmail.com,worker
388,Melanie,McLaughlin,.@yopmail.com,undefined.undefined@gmail.com,firefighter
389,Helena,Kaete,.@yopmail.com,undefined.undefined@gmail.com,worker
390,Clarice,Manolo,.@yopmail.com,undefined.undefined@gmail.com,worker
391,Robbi,Ciapas,.@yopmail.com,undefined.undefined@gmail.com,doctor
392,Tressa,Santoro,.@yopmail.com,undefined.undefined@gmail.com,developer
393,Rosabelle,Codding,.@yopmail.com,undefined.undefined@gmail.com,police officer
394,Aaren,Guthrie,.@yopmail.com,undefined.undefined@gmail.com,developer
395,Ronna,Jillane,.@yopmail.com,undefined.undefined@gmail.com,police officer
396,Audrie,Gahl,.@yopmail.com,undefined.undefined@gmail.com,doctor
397,Margette,Halla,.@yopmail.com,undefined.undefined@gmail.com,police officer
398,Kary,Jotham,.@yopmail.com,undefined.undefined@gmail.com,worker
399,Ira,Travax,.@yopmail.com,undefined.undefined@gmail.com,police officer
400,Vinita,Montgomery,.@yopmail.com,undefined.undefined@gmail.com,firefighter
401,Viviene,Rossner,.@yopmail.com,undefined.undefined@gmail.com,worker
402,Deedee,Heisel,.@yopmail.com,undefined.undefined@gmail.com,developer
403,Konstance,Bach,.@yopmail.com,undefined.undefined@gmail.com,doctor
404,Cathie,Yorick,.@yopmail.com,undefined.undefined@gmail.com,developer
405,Robinia,Toni,.@yopmail.com,undefined.undefined@gmail.com,firefighter
406,Jacquetta,Nicoline,.@yopmail.com,undefined.undefined@gmail.com,firefighter
407,Joeann,Norrie,.@yopmail.com,undefined.undefined@gmail.com,police officer
408,Johna,Waldron,.@yopmail.com,undefined.undefined@gmail.com,developer
409,Vita,Isidore,.@yopmail.com,undefined.undefined@gmail.com,police officer
410,Nariko,Denis,.@yopmail.com,undefined.undefined@gmail.com,police officer
411,Ulrike,Marlie,.@yopmail.com,undefined.undefined@gmail.com,firefighter
412,Melina,Winthorpe,.@yopmail.com,undefined.undefined@gmail.com,worker
413,Jenda,Carleen,.@yopmail.com,undefined.undefined@gmail.com,doctor
414,Lexine,Durware,.@yopmail.com,undefined.undefined@gmail.com,police officer
415,Stevana,Kravits,.@yopmail.com,undefined.undefined@gmail.com,firefighter
416,Melanie,Greenwald,.@yopmail.com,undefined.undefined@gmail.com,police officer
417,Norine,Emmy,.@yopmail.com,undefined.undefined@gmail.com,police officer
418,Bobinette,Slifka,.@yopmail.com,undefined.undefined@gmail.com,worker
419,Rosabelle,Durante,.@yopmail.com,undefined.undefined@gmail.com,developer
420,Concettina,Shelba,.@yopmail.com,undefined.undefined@gmail.com,firefighter
421,Kerrin,Heidt,.@yopmail.com,undefined.undefined@gmail.com,doctor
422,Norine,Lymann,.@yopmail.com,undefined.undefined@gmail.com,worker
423,Angelique,Estella,.@yopmail.com,undefined.undefined@gmail.com,worker
424,Lorenza,Joli,.@yopmail.com,undefined.undefined@gmail.com,worker
425,Carmencita,Kamaria,.@yopmail.com,undefined.undefined@gmail.com,worker
426,Melina,Lunsford,.@yopmail.com,undefined.undefined@gmail.com,worker
427,Jerry,Docilla,.@yopmail.com,undefined.undefined@gmail.com,firefighter
428,Evaleen,Zetta,.@yopmail.com,undefined.undefined@gmail.com,firefighter
429,Rani,Kat,.@yopmail.com,undefined.undefined@gmail.com,police officer
430,Claudina,Goddard,.@yopmail.com,undefined.undefined@gmail.com,doctor
431,Suzette,Nunci,.@yopmail.com,undefined.undefined@gmail.com,doctor
432,Asia,Ezar,.@yopmail.com,undefined.undefined@gmail.com,firefighter
433,Frances,Gower,.@yopmail.com,undefined.undefined@gmail.com,police officer
434,Adore,Sacken,.@yopmail.com,undefined.undefined@gmail.com,developer
435,Catrina,Scammon,.@yopmail.com,undefined.undefined@gmail.com,doctor
436,Sharai,Fennessy,.@yopmail.com,undefined.undefined@gmail.com,worker
437,Meghann,Regan,.@yopmail.com,undefined.undefined@gmail.com,police officer
438,Elie,Lalitta,.@yopmail.com,undefined.undefined@gmail.com,worker
439,Aigneis,Amethist,.@yopmail.com,undefined.undefined@gmail.com,worker
440,Delilah,Agle,.@yopmail.com,undefined.undefined@gmail.com,firefighter
441,Shaine,Zola,.@yopmail.com,undefined.undefined@gmail.com,doctor
442,Kristan,Fink,.@yopmail.com,undefined.undefined@gmail.com,police officer
443,Shauna,Jagir,.@yopmail.com,undefined.undefined@gmail.com,police officer
444,Ericka,Ovid,.@yopmail.com,undefined.undefined@gmail.com,doctor
445,Gale,Mich,.@yopmail.com,undefined.undefined@gmail.com,worker
446,Molli,Joeann,.@yopmail.com,undefined.undefined@gmail.com,worker
447,Merci,Isacco,.@yopmail.com,undefined.undefined@gmail.com,doctor
448,Edyth,Armanda,.@yopmail.com,undefined.undefined@gmail.com,developer
449,Olivette,O'Rourke,.@yopmail.com,undefined.undefined@gmail.com,firefighter
450,Doro,Geffner,.@yopmail.com,undefined.undefined@gmail.com,developer
451,Ida,Sherrie,.@yopmail.com,undefined.undefined@gmail.com,worker
452,Vevay,Kesley,.@yopmail.com,undefined.undefined@gmail.com,worker
453,Jany,Bryna,.@yopmail.com,undefined.undefined@gmail.com,police officer
454,Aubrie,Hailee,.@yopmail.com,undefined.undefined@gmail.com,worker
455,Yolane,Payson,.@yopmail.com,undefined.undefined@gmail.com,firefighter
456,Nadine,Gombach,.@yopmail.com,undefined.undefined@gmail.com,developer
457,Kirstin,Yoko,.@yopmail.com,undefined.undefined@gmail.com,doctor
458,Clo,Raama,.@yopmail.com,undefined.undefined@gmail.com,doctor
459,Judy,Lorain,.@yopmail.com,undefined.undefined@gmail.com,firefighter
460,Tersina,Buckler,.@yopmail.com,undefined.undefined@gmail.com,doctor
461,Evita,Ralfston,.@yopmail.com,undefined.undefined@gmail.com,worker
462,Nickie,Land,.@yopmail.com,undefined.undefined@gmail.com,worker
463,Tamqrah,Libna,.@yopmail.com,undefined.undefined@gmail.com,police officer
464,Dianemarie,Baudin,.@yopmail.com,undefined.undefined@gmail.com,doctor
465,Demetris,Faust,.@yopmail.com,undefined.undefined@gmail.com,worker
466,Tonia,Wandie,.@yopmail.com,undefined.undefined@gmail.com,police officer
467,Zsa Zsa,Merat,.@yopmail.com,undefined.undefined@gmail.com,developer
468,Roberta,Phaidra,.@yopmail.com,undefined.undefined@gmail.com,firefighter
469,Dyann,Sharl,.@yopmail.com,undefined.undefined@gmail.com,police officer
470,Tamqrah,Posner,.@yopmail.com,undefined.undefined@gmail.com,worker
471,Shannah,Lareena,.@yopmail.com,undefined.undefined@gmail.com,worker
472,Ericka,Loeb,.@yopmail.com,undefined.undefined@gmail.com,police officer
473,Merrie,Ruvolo,.@yopmail.com,undefined.undefined@gmail.com,worker
474,Juliane,Wenda,.@yopmail.com,undefined.undefined@gmail.com,police officer
475,Sindee,Riva,.@yopmail.com,undefined.undefined@gmail.com,doctor
476,Nelle,Pond,.@yopmail.com,undefined.undefined@gmail.com,doctor
477,Corly,Ingra,.@yopmail.com,undefined.undefined@gmail.com,worker
478,Roz,Hieronymus,.@yopmail.com,undefined.undefined@gmail.com,firefighter
479,Livvyy,Cleo,.@yopmail.com,undefined.undefined@gmail.com,police officer
480,Mamie,Christine,.@yopmail.com,undefined.undefined@gmail.com,doctor
481,Farrah,Edmund,.@yopmail.com,undefined.undefined@gmail.com,firefighter
482,Ofilia,Allare,.@yopmail.com,undefined.undefined@gmail.com,doctor
483,Mallory,Creamer,.@yopmail.com,undefined.undefined@gmail.com,doctor
484,Wendi,Uund,.@yopmail.com,undefined.undefined@gmail.com,developer
485,Mellicent,Yuille,.@yopmail.com,undefined.undefined@gmail.com,police officer
486,Morganica,Margarete,.@yopmail.com,undefined.undefined@gmail.com,police officer
487,Lynde,Daniele,.@yopmail.com,undefined.undefined@gmail.com,police officer
488,Wynne,Anestassia,.@yopmail.com,undefined.undefined@gmail.com,police officer
489,Goldie,Bartlett,.@yopmail.com,undefined.undefined@gmail.com,developer
490,Elise,Lowry,.@yopmail.com,undefined.undefined@gmail.com,doctor
491,Karlee,Zaslow,.@yopmail.com,undefined.undefined@gmail.com,doctor
492,Max,Cleo,.@yopmail.com,undefined.undefined@gmail.com,developer
493,Dode,McLaughlin,.@yopmail.com,undefined.undefined@gmail.com,police officer
494,Britte,Weaks,.@yopmail.com,undefined.undefined@gmail.com,firefighter
495,Sabina,Kaete,.@yopmail.com,undefined.undefined@gmail.com,developer
496,Winifred,Azeria,.@yopmail.com,undefined.undefined@gmail.com,worker
497,Aubrie,Zola,.@yopmail.com,undefined.undefined@gmail.com,doctor
498,Adore,Ellord,.@yopmail.com,undefined.undefined@gmail.com,firefighter
499,Daune,Paton,.@yopmail.com,undefined.undefined@gmail.com,worker
500,Chastity,Durware,.@yopmail.com,undefined.undefined@gmail.com,worker
501,Carly,Kimmie,.@yopmail.com,undefined.undefined@gmail.com,firefighter
502,Zaria,Rosette,.@yopmail.com,undefined.undefined@gmail.com,firefighter
503,Marinna,Rona,.@yopmail.com,undefined.undefined@gmail.com,doctor
504,Annora,Tremayne,.@yopmail.com,undefined.undefined@gmail.com,doctor
505,Stephanie,Michella,.@yopmail.com,undefined.undefined@gmail.com,developer
506,Vita,Destinee,.@yopmail.com,undefined.undefined@gmail.com,police officer
507,Halette,Yam,.@yopmail.com,undefined.undefined@gmail.com,police officer
508,Annabela,Darbie,.@yopmail.com,undefined.undefined@gmail.com,doctor
509,Florie,Erminia,.@yopmail.com,undefined.undefined@gmail.com,doctor
510,Teriann,Helfand,.@yopmail.com,undefined.undefined@gmail.com,doctor
511,Marjie,Forrer,.@yopmail.com,undefined.undefined@gmail.com,worker
512,Andree,Newell,.@yopmail.com,undefined.undefined@gmail.com,firefighter
513,Catharine,Urias,.@yopmail.com,undefined.undefined@gmail.com,developer
514,Keelia,Bandeen,.@yopmail.com,undefined.undefined@gmail.com,doctor
515,Gratia,Pillsbury,.@yopmail.com,undefined.undefined@gmail.com,firefighter
516,Violet,Ambrosia,.@yopmail.com,undefined.undefined@gmail.com,worker
517,Rhoda,Libna,.@yopmail.com,undefined.undefined@gmail.com,doctor
518,Ekaterina,Suk,.@yopmail.com,undefined.undefined@gmail.com,developer
519,Kore,Olin,.@yopmail.com,undefined.undefined@gmail.com,firefighter
520,Ruthe,Ulphia,.@yopmail.com,undefined.undefined@gmail.com,doctor
521,Modestia,Raseda,.@yopmail.com,undefined.undefined@gmail.com,police officer
522,Carlie,Ogren,.@yopmail.com,undefined.undefined@gmail.com,police officer
523,Yolane,Tengdin,.@yopmail.com,undefined.undefined@gmail.com,firefighter
524,Susan,Natica,.@yopmail.com,undefined.undefined@gmail.com,police officer
525,Nananne,Pozzy,.@yopmail.com,undefined.undefined@gmail.com,developer
526,Christal,Atcliffe,.@yopmail.com,undefined.undefined@gmail.com,doctor
527,Tamqrah,Marijo,.@yopmail.com,undefined.undefined@gmail.com,doctor
528,Cherrita,Arvo,.@yopmail.com,undefined.undefined@gmail.com,developer
529,Ellette,McGrody,.@yopmail.com,undefined.undefined@gmail.com,doctor
530,Tonia,Gordon,.@yopmail.com,undefined.undefined@gmail.com,developer
531,Shirlee,Ailyn,.@yopmail.com,undefined.undefined@gmail.com,worker
532,Mathilda,Yusuk,.@yopmail.com,undefined.undefined@gmail.com,police officer
533,Alejandra,Chaing,.@yopmail.com,undefined.undefined@gmail.com,firefighter
534,Winny,Rustice,.@yopmail.com,undefined.undefined@gmail.com,firefighter
535,Quintina,Poll,.@yopmail.com,undefined.undefined@gmail.com,firefighter
536,Kristina,Pascia,.@yopmail.com,undefined.undefined@gmail.com,firefighter
537,Bertine,Etom,.@yopmail.com,undefined.undefined@gmail.com,developer
538,Eve,Goode,.@yopmail.com,undefined.undefined@gmail.com,doctor
539,Elora,Hoenack,.@yopmail.com,undefined.undefined@gmail.com,worker
540,Eve,Kenney,.@yopmail.com,undefined.undefined@gmail.com,police officer
541,Lesly,Malanie,.@yopmail.com,undefined.undefined@gmail.com,worker
542,Jasmina,Nelsen,.@yopmail.com,undefined.undefined@gmail.com,developer
543,Vevay,Brittani,.@yopmail.com,undefined.undefined@gmail.com,doctor
544,Calla,Bivins,.@yopmail.com,undefined.undefined@gmail.com,developer
545,Mahalia,Ariella,.@yopmail.com,undefined.undefined@gmail.com,police officer
546,Yolane,Means,.@yopmail.com,undefined.undefined@gmail.com,doctor
547,Cathyleen,Millda,.@yopmail.com,undefined.undefined@gmail.com,firefighter
548,Dawn,Even,.@yopmail.com,undefined.undefined@gmail.com,doctor
549,Aryn,Nelsen,.@yopmail.com,undefined.undefined@gmail.com,doctor
550,Bibby,Caitlin,.@yopmail.com,undefined.undefined@gmail.com,doctor
551,Di,Wittie,.@yopmail.com,undefined.undefined@gmail.com,doctor
552,Glynnis,Koehler,.@yopmail.com,undefined.undefined@gmail.com,police officer
553,Hyacinthe,Lareena,.@yopmail.com,undefined.undefined@gmail.com,doctor
554,Melodie,Reidar,.@yopmail.com,undefined.undefined@gmail.com,police officer
555,Hayley,Erich,.@yopmail.com,undefined.undefined@gmail.com,firefighter
556,Hermione,Hoenack,.@yopmail.com,undefined.undefined@gmail.com,worker
557,Dania,Grayce,.@yopmail.com,undefined.undefined@gmail.com,firefighter
558,Lila,Harday,.@yopmail.com,undefined.undefined@gmail.com,worker
559,Pollyanna,Juan,.@yopmail.com,undefined.undefined@gmail.com,police officer
560,Margette,Ralfston,.@yopmail.com,undefined.undefined@gmail.com,firefighter
561,Fidelia,Yuille,.@yopmail.com,undefined.undefined@gmail.com,developer
562,Almeta,Bibi,.@yopmail.com,undefined.undefined@gmail.com,doctor
563,Damaris,Ricarda,.@yopmail.com,undefined.undefined@gmail.com,doctor
564,Tina,Constancy,.@yopmail.com,undefined.undefined@gmail.com,firefighter
565,Lolita,Nahum,.@yopmail.com,undefined.undefined@gmail.com,firefighter
566,Nanete,Atonsah,.@yopmail.com,undefined.undefined@gmail.com,police officer
567,Alex,Poppy,.@yopmail.com,undefined.undefined@gmail.com,worker
568,Jemie,Orlene,.@yopmail.com,undefined.undefined@gmail.com,worker
569,Sharlene,Kylander,.@yopmail.com,undefined.undefined@gmail.com,police officer
570,Constance,McAdams,.@yopmail.com,undefined.undefined@gmail.com,police officer
571,Dennie,Pandolfi,.@yopmail.com,undefined.undefined@gmail.com,firefighter
572,Leona,My,.@yopmail.com,undefined.undefined@gmail.com,worker
573,Gerianna,Saunderson,.@yopmail.com,undefined.undefined@gmail.com,firefighter
574,Renie,Cullin,.@yopmail.com,undefined.undefined@gmail.com,police officer
575,Nonnah,Lemuela,.@yopmail.com,undefined.undefined@gmail.com,developer
576,Cassondra,Horan,.@yopmail.com,undefined.undefined@gmail.com,developer
577,Karly,Bebe,.@yopmail.com,undefined.undefined@gmail.com,worker
578,Gui,Obed,.@yopmail.com,undefined.undefined@gmail.com,doctor
579,Cyb,Dahlia,.@yopmail.com,undefined.undefined@gmail.com,doctor
580,Perry,Huggins,.@yopmail.com,undefined.undefined@gmail.com,worker
581,Viki,Desai,.@yopmail.com,undefined.undefined@gmail.com,police officer
582,Alameda,Blisse,.@yopmail.com,undefined.undefined@gmail.com,worker
583,Odessa,Cath,.@yopmail.com,undefined.undefined@gmail.com,firefighter
584,Ayn,Kussell,.@yopmail.com,undefined.undefined@gmail.com,developer
585,Frieda,Jess,.@yopmail.com,undefined.undefined@gmail.com,police officer
586,Monika,Katrine,.@yopmail.com,undefined.undefined@gmail.com,firefighter
587,Fanny,Scammon,.@yopmail.com,undefined.undefined@gmail.com,developer
588,Trudie,Mata,.@yopmail.com,undefined.undefined@gmail.com,police officer
589,Dorene,Cynar,.@yopmail.com,undefined.undefined@gmail.com,firefighter
590,Giustina,Ventre,.@yopmail.com,undefined.undefined@gmail.com,police officer
591,Vevay,Jaylene,.@yopmail.com,undefined.undefined@gmail.com,doctor
592,Kathy,Khorma,.@yopmail.com,undefined.undefined@gmail.com,worker
593,Fina,Cristi,.@yopmail.com,undefined.undefined@gmail.com,police officer
594,Chere,Hedve,.@yopmail.com,undefined.undefined@gmail.com,doctor
595,Melisent,Cristi,.@yopmail.com,undefined.undefined@gmail.com,firefighter
596,Basia,Chinua,.@yopmail.com,undefined.undefined@gmail.com,firefighter
597,Elmira,Firmin,.@yopmail.com,undefined.undefined@gmail.com,firefighter
598,Elmira,Tristram,.@yopmail.com,undefined.undefined@gmail.com,worker
599,Bettine,Forrer,.@yopmail.com,undefined.undefined@gmail.com,developer
600,Aurore,Glenden,.@yopmail.com,undefined.undefined@gmail.com,developer
601,Ulrike,Rurik,.@yopmail.com,undefined.undefined@gmail.com,worker
602,Aubrie,Armanda,.@yopmail.com,undefined.undefined@gmail.com,police officer
603,Arlina,Rustice,.@yopmail.com,undefined.undefined@gmail.com,doctor
604,Hildegaard,Honoria,.@yopmail.com,undefined.undefined@gmail.com,worker
605,Berta,Fax,.@yopmail.com,undefined.undefined@gmail.com,firefighter
606,Brena,Cimbura,.@yopmail.com,undefined.undefined@gmail.com,worker
607,Lenna,Elo,.@yopmail.com,undefined.undefined@gmail.com,police officer
608,Almeta,Jeanne,.@yopmail.com,undefined.undefined@gmail.com,developer
609,Cecile,Dalli,.@yopmail.com,undefined.undefined@gmail.com,doctor
610,Daphne,Gale,.@yopmail.com,undefined.undefined@gmail.com,doctor
611,Gilligan,Geffner,.@yopmail.com,undefined.undefined@gmail.com,doctor
612,Alejandra,Vittoria,.@yopmail.com,undefined.undefined@gmail.com,police officer
613,Adore,Sherrie,.@yopmail.com,undefined.undefined@gmail.com,police officer
614,Caritta,Ardeha,.@yopmail.com,undefined.undefined@gmail.com,developer
615,Aimil,Gino,.@yopmail.com,undefined.undefined@gmail.com,worker
616,Janis,Vernier,.@yopmail.com,undefined.undefined@gmail.com,developer
617,Elmira,Niles,.@yopmail.com,undefined.undefined@gmail.com,worker
618,Goldie,Brady,.@yopmail.com,undefined.undefined@gmail.com,developer
619,Lenna,Ajay,.@yopmail.com,undefined.undefined@gmail.com,firefighter
620,Esmeralda,Carmena,.@yopmail.com,undefined.undefined@gmail.com,police officer
621,Roseline,Korey,.@yopmail.com,undefined.undefined@gmail.com,doctor
622,Arabel,Leffen,.@yopmail.com,undefined.undefined@gmail.com,worker
623,Annaliese,Arley,.@yopmail.com,undefined.undefined@gmail.com,doctor
624,Kristina,Bivins,.@yopmail.com,undefined.undefined@gmail.com,developer
625,Ermengarde,Richers,.@yopmail.com,undefined.undefined@gmail.com,doctor
626,Madelle,Azeria,.@yopmail.com,undefined.undefined@gmail.com,doctor
627,Rani,Chapland,.@yopmail.com,undefined.undefined@gmail.com,worker
628,Heddie,Stuart,.@yopmail.com,undefined.undefined@gmail.com,police officer
629,Paule,Roscoe,.@yopmail.com,undefined.undefined@gmail.com,police officer
630,Nickie,Nahum,.@yopmail.com,undefined.undefined@gmail.com,worker
631,Eadie,Federica,.@yopmail.com,undefined.undefined@gmail.com,developer
632,Shirlee,Roscoe,.@yopmail.com,undefined.undefined@gmail.com,worker
633,Frieda,Brian,.@yopmail.com,undefined.undefined@gmail.com,worker
634,Rebeca,Carri,.@yopmail.com,undefined.undefined@gmail.com,police officer
635,Carly,Thad,.@yopmail.com,undefined.undefined@gmail.com,police officer
636,Drucie,Argus,.@yopmail.com,undefined.undefined@gmail.com,police officer
637,Shell,Alabaster,.@yopmail.com,undefined.undefined@gmail.com,police officer
638,Lesly,Cyrie,.@yopmail.com,undefined.undefined@gmail.com,developer
639,Paola,Jammal,.@yopmail.com,undefined.undefined@gmail.com,worker
640,Priscilla,Sadowski,.@yopmail.com,undefined.undefined@gmail.com,police officer
641,Addia,Candy,.@yopmail.com,undefined.undefined@gmail.com,firefighter
642,Averyl,Edvard,.@yopmail.com,undefined.undefined@gmail.com,worker
643,Chloris,Ledah,.@yopmail.com,undefined.undefined@gmail.com,firefighter
644,Adelle,Niles,.@yopmail.com,undefined.undefined@gmail.com,firefighter
645,Sissy,Robertson,.@yopmail.com,undefined.undefined@gmail.com,doctor
646,Daphne,Bakerman,.@yopmail.com,undefined.undefined@gmail.com,firefighter
647,Chickie,Chick,.@yopmail.com,undefined.undefined@gmail.com,firefighter
648,Angela,Candy,.@yopmail.com,undefined.undefined@gmail.com,doctor
649,Linzy,Ammann,.@yopmail.com,undefined.undefined@gmail.com,worker
650,Selma,Narton,.@yopmail.com,undefined.undefined@gmail.com,doctor
651,Celestyna,Bronk,.@yopmail.com,undefined.undefined@gmail.com,firefighter
652,Allis,Bennie,.@yopmail.com,undefined.undefined@gmail.com,worker
653,Deedee,Ailyn,.@yopmail.com,undefined.undefined@gmail.com,worker
654,Cacilie,Artie,.@yopmail.com,undefined.undefined@gmail.com,firefighter
655,Joeann,Dulciana,.@yopmail.com,undefined.undefined@gmail.com,worker
656,Allis,Kronfeld,.@yopmail.com,undefined.undefined@gmail.com,police officer
657,Maye,Haerr,.@yopmail.com,undefined.undefined@gmail.com,worker
658,Helsa,Bevin,.@yopmail.com,undefined.undefined@gmail.com,worker
659,Dacia,Mayeda,.@yopmail.com,undefined.undefined@gmail.com,police officer
660,Leia,Dalli,.@yopmail.com,undefined.undefined@gmail.com,firefighter
661,Agnese,Erich,.@yopmail.com,undefined.undefined@gmail.com,developer
662,Cristine,Ulphia,.@yopmail.com,undefined.undefined@gmail.com,police officer
663,Tracey,Faria,.@yopmail.com,undefined.undefined@gmail.com,firefighter
664,Vere,Dannye,.@yopmail.com,undefined.undefined@gmail.com,doctor
665,Meg,Diogenes,.@yopmail.com,undefined.undefined@gmail.com,police officer
666,Ashlee,Beebe,.@yopmail.com,undefined.undefined@gmail.com,worker
667,Yolane,Korey,.@yopmail.com,undefined.undefined@gmail.com,firefighter
668,Susette,Amadas,.@yopmail.com,undefined.undefined@gmail.com,doctor
669,Krystle,Vale,.@yopmail.com,undefined.undefined@gmail.com,developer
670,Jasmina,Urias,.@yopmail.com,undefined.undefined@gmail.com,worker
671,Jean,Georas,.@yopmail.com,undefined.undefined@gmail.com,worker
672,Joelly,Aprile,.@yopmail.com,undefined.undefined@gmail.com,doctor
673,Sarette,Salchunas,.@yopmail.com,undefined.undefined@gmail.com,police officer
674,Demetris,Gilmour,.@yopmail.com,undefined.undefined@gmail.com,firefighter
675,Augustine,Lilas,.@yopmail.com,undefined.undefined@gmail.com,worker
676,Grier,Hoenack,.@yopmail.com,undefined.undefined@gmail.com,doctor
677,Diena,Fleeta,.@yopmail.com,undefined.undefined@gmail.com,doctor
678,Charlena,Doig,.@yopmail.com,undefined.undefined@gmail.com,developer
679,Lily,Wilkinson,.@yopmail.com,undefined.undefined@gmail.com,worker
680,Cordi,Louanna,.@yopmail.com,undefined.undefined@gmail.com,worker
681,Josephine,Waldron,.@yopmail.com,undefined.undefined@gmail.com,police officer
682,Coral,Laverne,.@yopmail.com,undefined.undefined@gmail.com,police officer
683,Aili,Charmine,.@yopmail.com,undefined.undefined@gmail.com,doctor
684,Morganica,Kazimir,.@yopmail.com,undefined.undefined@gmail.com,developer
685,Pollyanna,Phyllis,.@yopmail.com,undefined.undefined@gmail.com,developer
686,Gloria,Elsinore,.@yopmail.com,undefined.undefined@gmail.com,developer
687,Viviene,Gale,.@yopmail.com,undefined.undefined@gmail.com,worker
688,Arlena,Merriott,.@yopmail.com,undefined.undefined@gmail.com,developer
689,Paola,Ventre,.@yopmail.com,undefined.undefined@gmail.com,doctor
690,Judy,Florina,.@yopmail.com,undefined.undefined@gmail.com,developer
691,Violet,Ietta,.@yopmail.com,undefined.undefined@gmail.com,doctor
692,Olivette,Gillan,.@yopmail.com,undefined.undefined@gmail.com,developer
693,Lory,Lesley,.@yopmail.com,undefined.undefined@gmail.com,doctor
694,Starla,Secrest,.@yopmail.com,undefined.undefined@gmail.com,firefighter
695,Zsa Zsa,Chrystel,.@yopmail.com,undefined.undefined@gmail.com,developer
696,Demetris,Noam,.@yopmail.com,undefined.undefined@gmail.com,doctor
697,Johna,Imelida,.@yopmail.com,undefined.undefined@gmail.com,doctor
698,Sashenka,Mathilde,.@yopmail.com,undefined.undefined@gmail.com,worker
699,Sissy,Center,.@yopmail.com,undefined.undefined@gmail.com,police officer
700,Nerta,Catie,.@yopmail.com,undefined.undefined@gmail.com,developer
701,Asia,Allys,.@yopmail.com,undefined.undefined@gmail.com,developer
702,Elena,Wooster,.@yopmail.com,undefined.undefined@gmail.com,worker
703,Hayley,Dowski,.@yopmail.com,undefined.undefined@gmail.com,worker
704,Shauna,Granoff,.@yopmail.com,undefined.undefined@gmail.com,worker
705,Jolyn,Glovsky,.@yopmail.com,undefined.undefined@gmail.com,developer
706,Deirdre,Greenwald,.@yopmail.com,undefined.undefined@gmail.com,developer
707,Bernardine,Fancie,.@yopmail.com,undefined.undefined@gmail.com,firefighter
708,Hollie,Artie,.@yopmail.com,undefined.undefined@gmail.com,worker
709,Jean,Cavan,.@yopmail.com,undefined.undefined@gmail.com,firefighter
710,Tina,Irmine,.@yopmail.com,undefined.undefined@gmail.com,developer
711,Letizia,Florina,.@yopmail.com,undefined.undefined@gmail.com,developer
712,Cassandra,Belanger,.@yopmail.com,undefined.undefined@gmail.com,doctor
713,Dominga,Birdella,.@yopmail.com,undefined.undefined@gmail.com,police officer
714,Aili,Sparhawk,.@yopmail.com,undefined.undefined@gmail.com,worker
715,Cyb,Solitta,.@yopmail.com,undefined.undefined@gmail.com,worker
716,Cyb,Lubin,.@yopmail.com,undefined.undefined@gmail.com,developer
717,Sheelagh,Papageno,.@yopmail.com,undefined.undefined@gmail.com,police officer
718,Riannon,Raimondo,.@yopmail.com,undefined.undefined@gmail.com,worker
719,Mariele,Hunfredo,.@yopmail.com,undefined.undefined@gmail.com,firefighter
720,Fayre,Medrek,.@yopmail.com,undefined.undefined@gmail.com,worker
721,Roberta,Moseley,.@yopmail.com,undefined.undefined@gmail.com,worker
722,Kelly,Scammon,.@yopmail.com,undefined.undefined@gmail.com,doctor
723,Marguerite,Linskey,.@yopmail.com,undefined.undefined@gmail.com,doctor
724,Lila,Mitzi,.@yopmail.com,undefined.undefined@gmail.com,police officer
725,Asia,Lacombe,.@yopmail.com,undefined.undefined@gmail.com,worker
726,Tami,Jerald,.@yopmail.com,undefined.undefined@gmail.com,doctor
727,Michaelina,Harriman,.@yopmail.com,undefined.undefined@gmail.com,worker
728,Latisha,Lutero,.@yopmail.com,undefined.undefined@gmail.com,developer
729,Ilse,Lorain,.@yopmail.com,undefined.undefined@gmail.com,doctor
730,Kylynn,Joachim,.@yopmail.com,undefined.undefined@gmail.com,developer
731,Jean,Audly,.@yopmail.com,undefined.undefined@gmail.com,doctor
732,Kaja,Wenda,.@yopmail.com,undefined.undefined@gmail.com,police officer
733,Linet,Colyer,.@yopmail.com,undefined.undefined@gmail.com,police officer
734,Lelah,Aaberg,.@yopmail.com,undefined.undefined@gmail.com,worker
735,Talya,Hertzfeld,.@yopmail.com,undefined.undefined@gmail.com,worker
736,Mara,Chabot,.@yopmail.com,undefined.undefined@gmail.com,firefighter
737,Misha,Marden,.@yopmail.com,undefined.undefined@gmail.com,firefighter
738,Hayley,Faro,.@yopmail.com,undefined.undefined@gmail.com,police officer
739,Ethel,Haerr,.@yopmail.com,undefined.undefined@gmail.com,doctor
740,Dacia,Tiffa,.@yopmail.com,undefined.undefined@gmail.com,firefighter
741,Vivia,Natalia,.@yopmail.com,undefined.undefined@gmail.com,developer
742,Maridel,Reneta,.@yopmail.com,undefined.undefined@gmail.com,doctor
743,Gloria,Othilia,.@yopmail.com,undefined.undefined@gmail.com,developer
744,Gisela,Malanie,.@yopmail.com,undefined.undefined@gmail.com,police officer
745,Daryl,Sigfrid,.@yopmail.com,undefined.undefined@gmail.com,developer
746,Maridel,Bennie,.@yopmail.com,undefined.undefined@gmail.com,developer
747,Allyce,Thema,.@yopmail.com,undefined.undefined@gmail.com,developer
748,Laurene,MacIntosh,.@yopmail.com,undefined.undefined@gmail.com,police officer
749,Charlena,Wattenberg,.@yopmail.com,undefined.undefined@gmail.com,developer
750,Dorothy,Salvidor,.@yopmail.com,undefined.undefined@gmail.com,worker
751,Robinia,Konyn,.@yopmail.com,undefined.undefined@gmail.com,developer
752,Natka,Klotz,.@yopmail.com,undefined.undefined@gmail.com,developer
753,Annabela,Sophronia,.@yopmail.com,undefined.undefined@gmail.com,worker
754,Pearline,Pettiford,.@yopmail.com,undefined.undefined@gmail.com,firefighter
755,Jaime,Adlare,.@yopmail.com,undefined.undefined@gmail.com,firefighter
756,Kristina,Lytton,.@yopmail.com,undefined.undefined@gmail.com,worker
757,Lilith,Erlandson,.@yopmail.com,undefined.undefined@gmail.com,developer
758,Sheelagh,Roarke,.@yopmail.com,undefined.undefined@gmail.com,doctor
759,Jenilee,Montgomery,.@yopmail.com,undefined.undefined@gmail.com,worker
760,Sophia,Hertzfeld,.@yopmail.com,undefined.undefined@gmail.com,firefighter
761,Mathilda,Tremayne,.@yopmail.com,undefined.undefined@gmail.com,police officer
762,Verla,Glenden,.@yopmail.com,undefined.undefined@gmail.com,police officer
763,Alejandra,Carri,.@yopmail.com,undefined.undefined@gmail.com,doctor
764,Nariko,Valoniah,.@yopmail.com,undefined.undefined@gmail.com,worker
765,Jaime,Alwin,.@yopmail.com,undefined.undefined@gmail.com,doctor
766,Nikki,Tjon,.@yopmail.com,undefined.undefined@gmail.com,doctor
767,Catrina,Riordan,.@yopmail.com,undefined.undefined@gmail.com,worker
768,Edee,Sikorski,.@yopmail.com,undefined.undefined@gmail.com,doctor
769,Lolita,Lea,.@yopmail.com,undefined.undefined@gmail.com,developer
770,Sharlene,Secrest,.@yopmail.com,undefined.undefined@gmail.com,developer
771,Tori,Jacobah,.@yopmail.com,undefined.undefined@gmail.com,doctor
772,Atlanta,Palocz,.@yopmail.com,undefined.undefined@gmail.com,developer
773,Anthia,Miru,.@yopmail.com,undefined.undefined@gmail.com,police officer
774,Damaris,Trace,.@yopmail.com,undefined.undefined@gmail.com,doctor
775,Nita,Korey,.@yopmail.com,undefined.undefined@gmail.com,worker
776,Ermengarde,Gillan,.@yopmail.com,undefined.undefined@gmail.com,police officer
777,Estell,Lenny,.@yopmail.com,undefined.undefined@gmail.com,police officer
778,Elfreda,Bergman,.@yopmail.com,undefined.undefined@gmail.com,firefighter
779,Dennie,Jess,.@yopmail.com,undefined.undefined@gmail.com,worker
780,Odessa,Payson,.@yopmail.com,undefined.undefined@gmail.com,developer
781,Arlina,Hylan,.@yopmail.com,undefined.undefined@gmail.com,firefighter
782,Ulrike,Amethist,.@yopmail.com,undefined.undefined@gmail.com,doctor
783,Caritta,Ivens,.@yopmail.com,undefined.undefined@gmail.com,developer
784,Adele,Hanshaw,.@yopmail.com,undefined.undefined@gmail.com,doctor
785,Trudie,Chrystel,.@yopmail.com,undefined.undefined@gmail.com,worker
786,Ilse,Glenden,.@yopmail.com,undefined.undefined@gmail.com,firefighter
787,Alejandra,Love,.@yopmail.com,undefined.undefined@gmail.com,firefighter
788,Agathe,Carolin,.@yopmail.com,undefined.undefined@gmail.com,firefighter
789,Marleah,Gherardo,.@yopmail.com,undefined.undefined@gmail.com,firefighter
790,Di,Garbe,.@yopmail.com,undefined.undefined@gmail.com,doctor
791,Orelia,Waite,.@yopmail.com,undefined.undefined@gmail.com,doctor
792,Bee,Vacuva,.@yopmail.com,undefined.undefined@gmail.com,worker
793,Codie,Edison,.@yopmail.com,undefined.undefined@gmail.com,developer
794,Calla,Kellby,.@yopmail.com,undefined.undefined@gmail.com,developer
795,Alameda,Lattie,.@yopmail.com,undefined.undefined@gmail.com,doctor
796,Cathie,Dom,.@yopmail.com,undefined.undefined@gmail.com,developer
797,Marika,Sikorski,.@yopmail.com,undefined.undefined@gmail.com,worker
798,Caressa,Ludewig,.@yopmail.com,undefined.undefined@gmail.com,police officer
799,Liana,Delila,.@yopmail.com,undefined.undefined@gmail.com,firefighter
800,Nadine,Madox,.@yopmail.com,undefined.undefined@gmail.com,developer
801,Vere,Clarissa,.@yopmail.com,undefined.undefined@gmail.com,police officer
802,Lucille,Gaal,.@yopmail.com,undefined.undefined@gmail.com,doctor
803,Beverley,Hylan,.@yopmail.com,undefined.undefined@gmail.com,police officer
804,Emilia,Trey,.@yopmail.com,undefined.undefined@gmail.com,developer
805,Elise,Jammal,.@yopmail.com,undefined.undefined@gmail.com,doctor
806,Alyda,Shaver,.@yopmail.com,undefined.undefined@gmail.com,developer
807,Reeba,Bury,.@yopmail.com,undefined.undefined@gmail.com,worker
808,Starla,Hanleigh,.@yopmail.com,undefined.undefined@gmail.com,police officer
809,Vita,Ader,.@yopmail.com,undefined.undefined@gmail.com,police officer
810,Sophia,Stuart,.@yopmail.com,undefined.undefined@gmail.com,firefighter
811,Dulce,Meter,.@yopmail.com,undefined.undefined@gmail.com,doctor
812,Sidoney,Valoniah,.@yopmail.com,undefined.undefined@gmail.com,police officer
813,Mallory,Bultman,.@yopmail.com,undefined.undefined@gmail.com,police officer
814,Minne,Baudin,.@yopmail.com,undefined.undefined@gmail.com,worker
815,Sean,Nelsen,.@yopmail.com,undefined.undefined@gmail.com,firefighter
816,Mureil,Nickola,.@yopmail.com,undefined.undefined@gmail.com,worker
817,Modestia,Whiffen,.@yopmail.com,undefined.undefined@gmail.com,police officer
818,Julieta,Pettiford,.@yopmail.com,undefined.undefined@gmail.com,firefighter
819,Harmonia,Klemperer,.@yopmail.com,undefined.undefined@gmail.com,worker
820,Phylis,Velick,.@yopmail.com,undefined.undefined@gmail.com,police officer
821,Lynde,Casimir,.@yopmail.com,undefined.undefined@gmail.com,firefighter
822,Renie,Irmine,.@yopmail.com,undefined.undefined@gmail.com,doctor
823,Lucy,Guildroy,.@yopmail.com,undefined.undefined@gmail.com,firefighter
824,Fina,Eben,.@yopmail.com,undefined.undefined@gmail.com,firefighter
825,Kaja,Johnsson,.@yopmail.com,undefined.undefined@gmail.com,doctor
826,Katleen,Decato,.@yopmail.com,undefined.undefined@gmail.com,worker
827,Tatiania,Obed,.@yopmail.com,undefined.undefined@gmail.com,developer
828,Latisha,Garek,.@yopmail.com,undefined.undefined@gmail.com,firefighter
829,Darlleen,Cohdwell,.@yopmail.com,undefined.undefined@gmail.com,doctor
830,Dianemarie,Eno,.@yopmail.com,undefined.undefined@gmail.com,developer
831,Adele,Fillbert,.@yopmail.com,undefined.undefined@gmail.com,police officer
832,Bee,Montgomery,.@yopmail.com,undefined.undefined@gmail.com,police officer
833,Basia,McGrody,.@yopmail.com,undefined.undefined@gmail.com,police officer
834,Mara,Ackerley,.@yopmail.com,undefined.undefined@gmail.com,worker
835,Jobi,Sacken,.@yopmail.com,undefined.undefined@gmail.com,developer
836,Marjie,Kathie,.@yopmail.com,undefined.undefined@gmail.com,firefighter
837,Coral,Masao,.@yopmail.com,undefined.undefined@gmail.com,worker
838,Marleah,Zrike,.@yopmail.com,undefined.undefined@gmail.com,police officer
839,Valli,Elo,.@yopmail.com,undefined.undefined@gmail.com,doctor
840,Debee,Tamar,.@yopmail.com,undefined.undefined@gmail.com,police officer
841,Amalie,Brian,.@yopmail.com,undefined.undefined@gmail.com,worker
842,Ira,Girardo,.@yopmail.com,undefined.undefined@gmail.com,firefighter
843,Deane,Corilla,.@yopmail.com,undefined.undefined@gmail.com,police officer
844,Cherrita,Jammal,.@yopmail.com,undefined.undefined@gmail.com,worker
845,Sallie,Argus,.@yopmail.com,undefined.undefined@gmail.com,doctor
846,Darci,Linehan,.@yopmail.com,undefined.undefined@gmail.com,firefighter
847,Steffane,Tufts,.@yopmail.com,undefined.undefined@gmail.com,developer
848,Ileana,Macey,.@yopmail.com,undefined.undefined@gmail.com,doctor
849,Chrystel,Virgin,.@yopmail.com,undefined.undefined@gmail.com,doctor
850,Bernie,Horan,.@yopmail.com,undefined.undefined@gmail.com,worker
851,Chrystel,Longfellow,.@yopmail.com,undefined.undefined@gmail.com,worker
852,Amii,Adalbert,.@yopmail.com,undefined.undefined@gmail.com,developer
853,Babita,Herrera,.@yopmail.com,undefined.undefined@gmail.com,developer
854,Randa,Ingra,.@yopmail.com,undefined.undefined@gmail.com,worker
855,Sindee,Shirberg,.@yopmail.com,undefined.undefined@gmail.com,worker
856,Fina,Wattenberg,.@yopmail.com,undefined.undefined@gmail.com,developer
857,Aili,Orpah,.@yopmail.com,undefined.undefined@gmail.com,doctor
858,Abbie,Narton,.@yopmail.com,undefined.undefined@gmail.com,police officer
859,Tatiania,Brian,.@yopmail.com,undefined.undefined@gmail.com,developer
860,Nonnah,Gemini,.@yopmail.com,undefined.undefined@gmail.com,firefighter
861,Deedee,McLaughlin,.@yopmail.com,undefined.undefined@gmail.com,worker
862,Valli,Pitt,.@yopmail.com,undefined.undefined@gmail.com,doctor
863,Valli,Selway,.@yopmail.com,undefined.undefined@gmail.com,developer
864,Queenie,Gladstone,.@yopmail.com,undefined.undefined@gmail.com,police officer
865,Winny,Kimmie,.@yopmail.com,undefined.undefined@gmail.com,doctor
866,Ursulina,Eugenia,.@yopmail.com,undefined.undefined@gmail.com,firefighter
867,Fernande,Sacken,.@yopmail.com,undefined.undefined@gmail.com,police officer
868,Andeee,Jacqui,.@yopmail.com,undefined.undefined@gmail.com,worker
869,Gabriellia,Skell,.@yopmail.com,undefined.undefined@gmail.com,worker
870,Zsa Zsa,Pip,.@yopmail.com,undefined.undefined@gmail.com,doctor
871,Aryn,Magnolia,.@yopmail.com,undefined.undefined@gmail.com,doctor
872,Demetris,Harned,.@yopmail.com,undefined.undefined@gmail.com,firefighter
873,Sophia,Alejoa,.@yopmail.com,undefined.undefined@gmail.com,worker
874,Rubie,Timon,.@yopmail.com,undefined.undefined@gmail.com,worker
875,Ivett,Pillsbury,.@yopmail.com,undefined.undefined@gmail.com,doctor
876,Kara-Lynn,Bertold,.@yopmail.com,undefined.undefined@gmail.com,developer
877,Hildegaard,Joli,.@yopmail.com,undefined.undefined@gmail.com,developer
878,Natka,Docilla,.@yopmail.com,undefined.undefined@gmail.com,police officer
879,Shauna,Goode,.@yopmail.com,undefined.undefined@gmail.com,developer
880,Rivalee,Cohdwell,.@yopmail.com,undefined.undefined@gmail.com,police officer
881,Lusa,Cordi,.@yopmail.com,undefined.undefined@gmail.com,firefighter
882,Sheelagh,Bohlin,.@yopmail.com,undefined.undefined@gmail.com,police officer
883,Reeba,Zachary,.@yopmail.com,undefined.undefined@gmail.com,developer
884,Roberta,Kalinda,.@yopmail.com,undefined.undefined@gmail.com,worker
885,Carlie,Ferrell,.@yopmail.com,undefined.undefined@gmail.com,developer
886,Emmey,Edee,.@yopmail.com,undefined.undefined@gmail.com,worker
887,Charmaine,Giule,.@yopmail.com,undefined.undefined@gmail.com,developer
888,Molli,Bettine,.@yopmail.com,undefined.undefined@gmail.com,doctor
889,Betta,Oscar,.@yopmail.com,undefined.undefined@gmail.com,developer
890,Susette,Odysseus,.@yopmail.com,undefined.undefined@gmail.com,doctor
891,Sissy,Madox,.@yopmail.com,undefined.undefined@gmail.com,doctor
892,Elbertina,Bollay,.@yopmail.com,undefined.undefined@gmail.com,developer
893,Candy,Swigart,.@yopmail.com,undefined.undefined@gmail.com,developer
894,Ebonee,Telfer,.@yopmail.com,undefined.undefined@gmail.com,doctor
895,Deirdre,Wandie,.@yopmail.com,undefined.undefined@gmail.com,worker
896,Mariele,Howlyn,.@yopmail.com,undefined.undefined@gmail.com,firefighter
897,Quintina,Read,.@yopmail.com,undefined.undefined@gmail.com,worker
898,Karena,Nedrud,.@yopmail.com,undefined.undefined@gmail.com,police officer
899,Darci,Craggie,.@yopmail.com,undefined.undefined@gmail.com,worker
900,Krystle,Gilbertson,.@yopmail.com,undefined.undefined@gmail.com,developer
901,Ronna,Philoo,.@yopmail.com,undefined.undefined@gmail.com,doctor
902,Nyssa,Susannah,.@yopmail.com,undefined.undefined@gmail.com,worker
903,Tera,Percy,.@yopmail.com,undefined.undefined@gmail.com,developer
904,Randa,Naashom,.@yopmail.com,undefined.undefined@gmail.com,doctor
905,Jasmina,Katrine,.@yopmail.com,undefined.undefined@gmail.com,police officer
906,Jsandye,Roche,.@yopmail.com,undefined.undefined@gmail.com,police officer
907,Jorry,Donell,.@yopmail.com,undefined.undefined@gmail.com,doctor
908,Elmira,Euridice,.@yopmail.com,undefined.undefined@gmail.com,police officer
909,Helena,Kat,.@yopmail.com,undefined.undefined@gmail.com,worker
910,Letizia,Havens,.@yopmail.com,undefined.undefined@gmail.com,police officer
911,Hermione,Alfons,.@yopmail.com,undefined.undefined@gmail.com,firefighter
912,Arlina,Raychel,.@yopmail.com,undefined.undefined@gmail.com,worker
913,Roz,Ammann,.@yopmail.com,undefined.undefined@gmail.com,firefighter
914,Mariann,Burch,.@yopmail.com,undefined.undefined@gmail.com,police officer
915,Selia,Ajay,.@yopmail.com,undefined.undefined@gmail.com,developer
916,Ninnetta,Quent,.@yopmail.com,undefined.undefined@gmail.com,worker
917,Nanete,Francene,.@yopmail.com,undefined.undefined@gmail.com,worker
918,Juliane,Orelee,.@yopmail.com,undefined.undefined@gmail.com,police officer
919,Marylou,Mott,.@yopmail.com,undefined.undefined@gmail.com,police officer
920,Sean,Suzetta,.@yopmail.com,undefined.undefined@gmail.com,doctor
921,Sharlene,Paton,.@yopmail.com,undefined.undefined@gmail.com,developer
922,Ekaterina,Septima,.@yopmail.com,undefined.undefined@gmail.com,police officer
923,Jolyn,Ax,.@yopmail.com,undefined.undefined@gmail.com,developer
924,Kristina,Nelsen,.@yopmail.com,undefined.undefined@gmail.com,firefighter
925,Bettine,Myrilla,.@yopmail.com,undefined.undefined@gmail.com,developer
926,Pamella,Cottle,.@yopmail.com,undefined.undefined@gmail.com,doctor
927,Millie,Jammal,.@yopmail.com,undefined.undefined@gmail.com,police officer
928,Shaine,Jillane,.@yopmail.com,undefined.undefined@gmail.com,firefighter
929,Xylina,Guthrie,.@yopmail.com,undefined.undefined@gmail.com,firefighter
930,Charmaine,Bonilla,.@yopmail.com,undefined.undefined@gmail.com,doctor
931,Ginnie,Braun,.@yopmail.com,undefined.undefined@gmail.com,police officer
932,Phedra,Gibbeon,.@yopmail.com,undefined.undefined@gmail.com,firefighter
933,Jillayne,Kosey,.@yopmail.com,undefined.undefined@gmail.com,police officer
934,Audrie,Koehler,.@yopmail.com,undefined.undefined@gmail.com,doctor
935,Sashenka,Duwalt,.@yopmail.com,undefined.undefined@gmail.com,firefighter
936,Gianina,Dyche,.@yopmail.com,undefined.undefined@gmail.com,developer
937,Sonni,McCutcheon,.@yopmail.com,undefined.undefined@gmail.com,worker
938,Sandie,Karna,.@yopmail.com,undefined.undefined@gmail.com,worker
939,Ira,Truc,.@yopmail.com,undefined.undefined@gmail.com,worker
940,Genevra,Milson,.@yopmail.com,undefined.undefined@gmail.com,firefighter
941,Mireielle,Abram,.@yopmail.com,undefined.undefined@gmail.com,firefighter
942,Addia,Christine,.@yopmail.com,undefined.undefined@gmail.com,police officer
943,Lorne,Han,.@yopmail.com,undefined.undefined@gmail.com,doctor
944,Binny,Thar,.@yopmail.com,undefined.undefined@gmail.com,firefighter
945,Janenna,Swigart,.@yopmail.com,undefined.undefined@gmail.com,doctor
946,Abbie,Ophelia,.@yopmail.com,undefined.undefined@gmail.com,firefighter
947,Brana,Alabaster,.@yopmail.com,undefined.undefined@gmail.com,doctor
948,Cordi,Agle,.@yopmail.com,undefined.undefined@gmail.com,doctor
949,Nyssa,Autrey,.@yopmail.com,undefined.undefined@gmail.com,police officer
950,Silvana,Maryanne,.@yopmail.com,undefined.undefined@gmail.com,developer
951,Estell,Taima,.@yopmail.com,undefined.undefined@gmail.com,police officer
952,Konstance,Dudley,.@yopmail.com,undefined.undefined@gmail.com,doctor
953,Shell,Joli,.@yopmail.com,undefined.undefined@gmail.com,doctor
954,Loree,Leffen,.@yopmail.com,undefined.undefined@gmail.com,worker
955,Gui,Dreda,.@yopmail.com,undefined.undefined@gmail.com,firefighter
956,Roslyn,Vorster,.@yopmail.com,undefined.undefined@gmail.com,worker
957,Felice,Gino,.@yopmail.com,undefined.undefined@gmail.com,worker
958,Cherilyn,Zaslow,.@yopmail.com,undefined.undefined@gmail.com,police officer
959,Natka,Teryn,.@yopmail.com,undefined.undefined@gmail.com,firefighter
960,Kayla,Burch,.@yopmail.com,undefined.undefined@gmail.com,police officer
961,Ardeen,O'Neill,.@yopmail.com,undefined.undefined@gmail.com,doctor
962,Therine,Berne,.@yopmail.com,undefined.undefined@gmail.com,firefighter
963,Magdalena,Nickola,.@yopmail.com,undefined.undefined@gmail.com,doctor
964,Vinita,Ehrman,.@yopmail.com,undefined.undefined@gmail.com,developer
965,Asia,Tacye,.@yopmail.com,undefined.undefined@gmail.com,police officer
966,Kayla,Loring,.@yopmail.com,undefined.undefined@gmail.com,worker
967,Brandise,Gerge,.@yopmail.com,undefined.undefined@gmail.com,developer
968,Trixi,Orelee,.@yopmail.com,undefined.undefined@gmail.com,developer
969,Ida,Lymann,.@yopmail.com,undefined.undefined@gmail.com,police officer
970,Bobinette,Roxanna,.@yopmail.com,undefined.undefined@gmail.com,doctor
971,Jeanna,Danby,.@yopmail.com,undefined.undefined@gmail.com,developer
972,Taffy,Faust,.@yopmail.com,undefined.undefined@gmail.com,doctor
973,Nataline,Richers,.@yopmail.com,undefined.undefined@gmail.com,doctor
974,Catharine,Lia,.@yopmail.com,undefined.undefined@gmail.com,developer
975,Rochette,Cath,.@yopmail.com,undefined.undefined@gmail.com,developer
976,Lynde,Niles,.@yopmail.com,undefined.undefined@gmail.com,worker
977,Basia,Kermit,.@yopmail.com,undefined.undefined@gmail.com,firefighter
978,Quintina,Wildermuth,.@yopmail.com,undefined.undefined@gmail.com,worker
979,Ileana,Catie,.@yopmail.com,undefined.undefined@gmail.com,police officer
980,Michaelina,Meli,.@yopmail.com,undefined.undefined@gmail.com,worker
981,Michaelina,Hourigan,.@yopmail.com,undefined.undefined@gmail.com,firefighter
982,Corly,Dorothy,.@yopmail.com,undefined.undefined@gmail.com,worker
983,Eve,Abernon,.@yopmail.com,undefined.undefined@gmail.com,developer
984,Teddie,Hurley,.@yopmail.com,undefined.undefined@gmail.com,police officer
985,Rani,Chem,.@yopmail.com,undefined.undefined@gmail.com,firefighter
986,Loree,Gusella,.@yopmail.com,undefined.undefined@gmail.com,developer
987,Ottilie,Aldric,.@yopmail.com,undefined.undefined@gmail.com,police officer
988,Nanete,Maisey,.@yopmail.com,undefined.undefined@gmail.com,worker
989,Katuscha,Bohlin,.@yopmail.com,undefined.undefined@gmail.com,firefighter
990,Florencia,Merat,.@yopmail.com,undefined.undefined@gmail.com,doctor
991,Frank,Liebermann,.@yopmail.com,undefined.undefined@gmail.com,police officer
992,Tobe,Roumell,.@yopmail.com,undefined.undefined@gmail.com,firefighter
993,Elsie,Wesle,.@yopmail.com,undefined.undefined@gmail.com,doctor
994,Sharai,Barrus,.@yopmail.com,undefined.undefined@gmail.com,worker
995,Ida,Shaver,.@yopmail.com,undefined.undefined@gmail.com,worker
996,Livvyy,Yorick,.@yopmail.com,undefined.undefined@gmail.com,police officer
997,Annabela,Cosenza,.@yopmail.com,undefined.undefined@gmail.com,developer
998,Tatiania,Laverne,.@yopmail.com,undefined.undefined@gmail.com,developer
999,Anica,My,.@yopmail.com,undefined.undefined@gmail.com,worker
1000,Deloria,Aloise,.@yopmail.com,undefined.undefined@gmail.com,police officer
1001,Kary,Larochelle,.@yopmail.com,undefined.undefined@gmail.com,police officer
1002,Devina,Scammon,.@yopmail.com,undefined.undefined@gmail.com,police officer
1003,Marinna,Reinke,.@yopmail.com,undefined.undefined@gmail.com,worker
1004,Cyndie,Olympium,.@yopmail.com,undefined.undefined@gmail.com,police officer
1005,Lauryn,Arvo,.@yopmail.com,undefined.undefined@gmail.com,worker
1006,Verla,Vittoria,.@yopmail.com,undefined.undefined@gmail.com,developer
1007,Modestia,Ietta,.@yopmail.com,undefined.undefined@gmail.com,police officer
1008,Pamella,Soneson,.@yopmail.com,undefined.undefined@gmail.com,worker
1009,Gilligan,Bertold,.@yopmail.com,undefined.undefined@gmail.com,firefighter
1010,Marinna,Salchunas,.@yopmail.com,undefined.undefined@gmail.com,police officer
1011,Dede,Briney,.@yopmail.com,undefined.undefined@gmail.com,firefighter
1012,Dale,Faso,.@yopmail.com,undefined.undefined@gmail.com,developer
1013,Candi,O'Carroll,.@yopmail.com,undefined.undefined@gmail.com,doctor
1014,Maryellen,Roscoe,.@yopmail.com,undefined.undefined@gmail.com,developer
1015,Tobe,Nea,.@yopmail.com,undefined.undefined@gmail.com,firefighter
1016,Madalyn,Chauncey,.@yopmail.com,undefined.undefined@gmail.com,doctor
1017,Ariela,Valoniah,.@yopmail.com,undefined.undefined@gmail.com,worker
1018,Genevra,Deny,.@yopmail.com,undefined.undefined@gmail.com,worker
1019,Willetta,Anestassia,.@yopmail.com,undefined.undefined@gmail.com,developer
1020,Augustine,Stuart,.@yopmail.com,undefined.undefined@gmail.com,developer
1021,Sheelagh,Camden,.@yopmail.com,undefined.undefined@gmail.com,worker
1022,Heddie,Stephie,.@yopmail.com,undefined.undefined@gmail.com,doctor
1023,Christian,Latini,.@yopmail.com,undefined.undefined@gmail.com,police officer
1024,Taffy,Friede,.@yopmail.com,undefined.undefined@gmail.com,firefighter
1025,Ileana,Sholley,.@yopmail.com,undefined.undefined@gmail.com,worker
1026,Hyacinthe,Arquit,.@yopmail.com,undefined.undefined@gmail.com,firefighter
1027,Correy,Sallyann,.@yopmail.com,undefined.undefined@gmail.com,doctor
1028,Kimmy,Raychel,.@yopmail.com,undefined.undefined@gmail.com,worker
1029,Katharina,O'Rourke,.@yopmail.com,undefined.undefined@gmail.com,firefighter
1030,Di,Ingra,.@yopmail.com,undefined.undefined@gmail.com,doctor
1031,Doro,Hillel,.@yopmail.com,undefined.undefined@gmail.com,firefighter
1032,Jenda,Elsinore,.@yopmail.com,undefined.undefined@gmail.com,firefighter
1033,Mamie,Dorcy,.@yopmail.com,undefined.undefined@gmail.com,doctor
1034,Liana,Jethro,.@yopmail.com,undefined.undefined@gmail.com,police officer
1035,Gabriellia,Odysseus,.@yopmail.com,undefined.undefined@gmail.com,police officer
1036,Cyb,Erb,.@yopmail.com,undefined.undefined@gmail.com,police officer
1037,Adelle,Sekofski,.@yopmail.com,undefined.undefined@gmail.com,worker
1038,Rivalee,Nadia,.@yopmail.com,undefined.undefined@gmail.com,developer
1039,Genevra,Payson,.@yopmail.com,undefined.undefined@gmail.com,developer
1040,Collen,Fleeta,.@yopmail.com,undefined.undefined@gmail.com,firefighter
1041,Shaine,Magnolia,.@yopmail.com,undefined.undefined@gmail.com,firefighter
1042,Vivia,Sheedy,.@yopmail.com,undefined.undefined@gmail.com,developer
1043,Janey,Ailyn,.@yopmail.com,undefined.undefined@gmail.com,police officer
1044,Melisent,Fry,.@yopmail.com,undefined.undefined@gmail.com,worker
1045,Janenna,Grosz,.@yopmail.com,undefined.undefined@gmail.com,developer
1046,Dede,Tamsky,.@yopmail.com,undefined.undefined@gmail.com,developer
1047,Candy,Brotherson,.@yopmail.com,undefined.undefined@gmail.com,worker
1048,Desirae,Loleta,.@yopmail.com,undefined.undefined@gmail.com,worker
1049,Jenilee,Septima,.@yopmail.com,undefined.undefined@gmail.com,police officer
1050,Orelia,Charmine,.@yopmail.com,undefined.undefined@gmail.com,doctor
1051,Mariann,Martsen,.@yopmail.com,undefined.undefined@gmail.com,worker
1052,Leia,Evvie,.@yopmail.com,undefined.undefined@gmail.com,developer
1053,Siana,Kimmie,.@yopmail.com,undefined.undefined@gmail.com,doctor
1054,Ernesta,Mitzi,.@yopmail.com,undefined.undefined@gmail.com,doctor
1055,Therine,Tillford,.@yopmail.com,undefined.undefined@gmail.com,police officer
1056,Kerrin,Kelula,.@yopmail.com,undefined.undefined@gmail.com,worker
1057,Blake,Noam,.@yopmail.com,undefined.undefined@gmail.com,police officer
1058,Ingrid,Phaidra,.@yopmail.com,undefined.undefined@gmail.com,worker
1059,Mildrid,Ries,.@yopmail.com,undefined.undefined@gmail.com,police officer
1060,Wileen,Bevin,.@yopmail.com,undefined.undefined@gmail.com,worker
1061,Nataline,Emmy,.@yopmail.com,undefined.undefined@gmail.com,police officer
1062,Jerry,Reinke,.@yopmail.com,undefined.undefined@gmail.com,police officer
1063,Clo,Ogren,.@yopmail.com,undefined.undefined@gmail.com,doctor
1064,Zondra,Daveta,.@yopmail.com,undefined.undefined@gmail.com,worker
1065,Tressa,Federica,.@yopmail.com,undefined.undefined@gmail.com,police officer
1066,Nerta,Codding,.@yopmail.com,undefined.undefined@gmail.com,firefighter
1067,Winifred,Izaak,.@yopmail.com,undefined.undefined@gmail.com,doctor
1068,Iseabal,Skell,.@yopmail.com,undefined.undefined@gmail.com,firefighter
1069,Oralee,Cynar,.@yopmail.com,undefined.undefined@gmail.com,doctor
1070,Ottilie,Magdalen,.@yopmail.com,undefined.undefined@gmail.com,developer
1071,Keelia,Burnside,.@yopmail.com,undefined.undefined@gmail.com,worker
1072,Winifred,Wadell,.@yopmail.com,undefined.undefined@gmail.com,police officer
1073,Frieda,Eliathas,.@yopmail.com,undefined.undefined@gmail.com,firefighter
1074,Carolina,Juan,.@yopmail.com,undefined.undefined@gmail.com,developer
1075,Carmencita,Glenden,.@yopmail.com,undefined.undefined@gmail.com,worker
1076,Theodora,Girardo,.@yopmail.com,undefined.undefined@gmail.com,doctor
1077,Carilyn,Bari,.@yopmail.com,undefined.undefined@gmail.com,developer
1078,Jany,Rocray,.@yopmail.com,undefined.undefined@gmail.com,firefighter
1079,Courtnay,Socha,.@yopmail.com,undefined.undefined@gmail.com,developer
1080,Britte,Podvin,.@yopmail.com,undefined.undefined@gmail.com,worker
1081,Edyth,Gualtiero,.@yopmail.com,undefined.undefined@gmail.com,worker
1082,Chloris,Faro,.@yopmail.com,undefined.undefined@gmail.com,worker
1083,Sidoney,Adlare,.@yopmail.com,undefined.undefined@gmail.com,police officer
1084,Cissiee,Tryck,.@yopmail.com,undefined.undefined@gmail.com,worker
1085,Dyann,Nance,.@yopmail.com,undefined.undefined@gmail.com,developer
1086,Camile,Fairweather,.@yopmail.com,undefined.undefined@gmail.com,worker
1087,Justinn,Cynar,.@yopmail.com,undefined.undefined@gmail.com,firefighter
1088,Elsie,Haymes,.@yopmail.com,undefined.undefined@gmail.com,developer
1089,Christian,Valoniah,.@yopmail.com,undefined.undefined@gmail.com,firefighter
1090,Gloria,Jobi,.@yopmail.com,undefined.undefined@gmail.com,developer
1091,Shel,Wooster,.@yopmail.com,undefined.undefined@gmail.com,worker
1092,Cindelyn,Hollingsworth,.@yopmail.com,undefined.undefined@gmail.com,worker
1093,Dennie,Rubie,.@yopmail.com,undefined.undefined@gmail.com,developer
1094,Janey,Cottle,.@yopmail.com,undefined.undefined@gmail.com,police officer
1095,Florencia,Brunell,.@yopmail.com,undefined.undefined@gmail.com,doctor
1096,Sarette,Lea,.@yopmail.com,undefined.undefined@gmail.com,police officer
1097,Jerry,Barbey,.@yopmail.com,undefined.undefined@gmail.com,doctor
1098,Aaren,Camden,.@yopmail.com,undefined.undefined@gmail.com,developer
1099,Peri,Roarke,.@yopmail.com,undefined.undefined@gmail.com,worker